,,,,,,,"parameters [][] (@level 1, 100, 1k and 10k, linear interpolation), in green: Top 5 of each stats",,,,,,,,,,,,,,,,,,,,,,,,,,,,,,,,,,,,"exps (once killed, choose only 1 non-zero to give exp), in green: Top 5 of each stats",,,,,,,,,,,,,,saleCond,,,,,,,,,,,,,,,,,,,,,,
,,,,,,,,,HP,,,,,MP,,,,,ATK,,,,,DEF,,,,,SPEED,,,,,LUCK,,,,,DEX,,,,,,,,,,,,,,,,,,,,,,,,,,,,,,,,,,,,,,,,
id,name,res,img,type,size,group,,,,,,,,,,,,,,,,,,,,,,,,,,,,,,,,,,,,,,HP,MP,Vigor,Atk,Def,Spd,Luck,Owned??,Int,Dex,Gather,Move,Heart,,,,,terrain,areaLevelMin,areaLevelMax,dropDataType,dropDataId,maxDropCount,dropNum,dropTakeTimeSeconds,dropRate,eggId,hatchCategory,minHatchBasis,maxHatchBasis,allyExpRate,skillId,skillAdditionItemId,bossComment,silverPrice,flag
0,Diamondoom,22,6,0,0,300,7,4,109,530,9530,14771,4,9,90,990,1370,4,16,308,1808,3608,4,9,227,1227,2269,4,20,114,614,1228,4,13,165,865,965,4,5,126,726,826,13,7,0,0,5,2,1,0,0,0,0,0,0,0,1,2,3,1,4,35,9999,2,168,0,0,0,5,7,1,0,50,100,28,83,Everything shines bright if you polish it right.,0,1
1,Creeperbloom,22,102,0,0,100,7,4,29,434,9434,12735,4,4,84,984,1134,4,8,294,1794,3594,4,4,217,1217,2251,4,9,100,600,1200,4,7,158,858,958,4,6,127,727,827,13,0,0,4,7,3,0,4,0,0,0,0,0,0,1,2,3,2,1,1,9999,2,169,0,0,0,5,0,2,0,50,100,27,108,It's a beautiful sunny day. I can't possibly lose!,0,1
2,Metabok,22,103,0,0,100,7,4,55,466,9466,12779,4,5,86,986,1136,4,10,298,1798,3598,4,4,217,1217,2251,4,13,105,605,1210,4,11,163,863,963,4,5,126,726,826,13,6,0,0,3,0,0,0,0,0,0,0,0,0,1,2,3,2,1,1,9999,2,169,0,0,0,5,0,2,0,50,100,26,166,"Hi, I'm Metabok. No-sugar diets are the way to go!",0,1
3,Dark Tinkle,22,104,0,0,100,7,4,33,439,9439,12742,4,6,87,987,1137,4,8,294,1794,3594,4,5,219,1219,2255,4,9,100,600,1200,4,7,158,858,958,4,5,126,726,826,13,0,2,0,5,4,0,0,0,0,0,0,0,0,1,2,3,2,1,5,9999,2,169,0,0,0,5,0,0,0,50,100,15,121,Heh heh... I'm the spirit of all those little worries people have.,0,1
4,Mudchomp,22,105,0,0,100,7,4,37,444,9444,12749,4,7,88,988,1138,4,7,292,1792,3592,4,3,215,1215,2247,4,15,108,608,1216,4,9,160,860,960,4,5,126,726,826,13,0,4,0,0,0,4,0,0,0,0,0,0,0,1,2,3,2,1,10,9999,2,170,0,0,0,5,0,1,0,50,100,29,168,Hyaaah! Haaah! I'll gobble you up!,0,1
5,Renegade Chick,22,106,0,0,100,7,4,68,481,9481,12799,4,6,87,987,1137,4,9,296,1796,3596,4,6,221,1221,2258,4,14,106,606,1212,4,9,160,860,960,4,6,127,727,827,13,5,0,7,0,2,0,7,0,0,0,0,0,0,1,2,3,2,1,20,9999,2,170,0,0,0,5,0,3,0,50,100,26,74,Whatcha lookin' at? Huh? I'm gonna peck you!,0,1
6,Gloom Shroom,22,107,0,0,100,7,4,109,530,9530,12865,4,9,90,990,1140,4,16,308,1808,3608,4,9,227,1227,2269,4,20,114,614,1228,4,13,165,865,965,4,5,126,726,826,13,7,0,0,5,2,1,0,0,0,0,0,0,0,1,2,3,2,1,35,9999,2,171,0,0,0,5,0,0,10,65,100,30,103,Wanna take a bite out of me?,0,1
7,Pillbug,22,108,0,0,100,7,4,71,485,9485,12804,4,6,87,987,1137,4,14,305,1805,3605,4,8,225,1225,2266,4,14,106,606,1212,4,9,160,860,960,4,6,127,727,827,13,0,0,4,7,3,0,4,0,0,0,0,0,0,1,2,3,2,1,50,9999,2,171,0,0,0,5,0,1,10,65,100,28,113,Whee! Rolling into a ball always makes me feel better.,0,1
8,Alpacavalier,22,97,0,1,100,7,4,62,474,9474,12789,4,6,87,987,1137,4,10,298,1952,3752,4,5,219,1219,2255,4,13,105,605,1210,4,12,164,864,964,4,5,126,726,826,13,6,0,0,3,0,0,0,0,0,0,0,0,0,1,2,3,2,1,5,9999,2,172,0,0,0,5,0,3,60,190,100,22,119,"Alpacavalier, on the scene! Let the real adventure begin!",0,1
9,Earth Dragon,22,98,0,1,100,7,4,37,444,9444,12749,4,6,87,987,1137,4,8,294,1944,3744,4,5,219,1219,2255,4,10,102,602,1204,4,8,159,859,959,4,5,126,726,826,13,0,2,0,5,4,0,0,0,0,0,0,0,0,1,2,3,2,1,10,9999,2,172,0,0,0,5,0,0,60,190,100,5,86,"At last, a worthy opponent. I commend you for coming this far.",0,1
10,Ironclad Pincher,22,99,0,1,100,7,4,42,450,9450,12757,4,8,89,989,1139,4,7,292,1940,3740,4,4,217,1217,2251,4,17,110,610,1220,4,9,160,860,960,4,5,126,726,826,13,0,4,0,0,0,4,0,0,0,0,0,0,0,1,2,3,2,1,15,9999,2,173,0,0,0,5,0,1,100,260,100,30,82,"These are pincers, not horns. Pincers, y'hear? Don't get it wrong!",0,1
11,Mossy Shroom,22,100,0,1,100,7,4,76,491,9491,12812,4,7,88,988,1138,4,9,296,1948,3748,4,7,223,1223,2262,4,15,108,608,1216,4,10,162,862,962,4,6,127,727,827,13,5,0,7,0,2,0,7,0,0,0,0,0,0,1,2,3,2,1,25,9999,2,174,0,0,0,5,0,2,140,325,100,33,77,"Just ignore the moss, I'm still good!",0,1
12,Gobman,22,101,0,1,100,7,4,121,545,9545,12885,4,10,92,992,1142,4,18,312,1981,3781,4,10,229,1229,2273,4,21,115,615,1230,4,13,165,865,965,4,5,126,726,826,13,7,0,0,5,2,1,0,0,0,0,0,0,0,1,2,3,2,1,40,9999,2,175,0,0,0,5,0,0,190,410,100,30,139,Hyahahaha! Now yer gonna get it!,0,1
13,Raging Boar,22,96,0,2,100,7,4,123,547,9547,12888,4,10,92,992,1142,4,22,319,2525,4325,4,11,231,1231,2277,4,21,115,615,1230,4,13,165,865,965,4,6,127,727,827,13,0,0,4,8,3,1,4,0,0,0,0,0,0,1,2,3,2,1,100,9999,2,176,0,0,0,5,0,0,640,1215,100,31,129,Hnraaargh! I'll send you flying!,0,2
14,Go-Go Golem,22,109,0,3,100,7,4,519,1022,10022,13529,4,34,120,1020,1170,4,52,373,4046,5846,4,31,270,1270,2349,4,74,178,678,1356,4,57,218,918,1018,4,7,128,728,828,13,15,0,0,5,1,3,0,0,0,0,0,0,0,1,2,3,2,1,250,9999,2,177,0,0,0,5,0,1,1620,2925,100,33,80,I'll flatten you! Take this!,0,2
15,Mammoth Caterpillar,22,44,0,0,101,7,4,29,434,9434,12735,4,5,86,986,1136,4,7,292,1792,3592,4,5,219,1219,2255,4,9,100,600,1200,4,7,158,858,958,4,5,126,726,826,13,0,2,0,5,4,0,0,0,0,0,0,0,0,1,2,3,5,2,1,9999,2,178,0,0,0,5,2,2,0,50,100,20,109,I need food for my metamorphosis. Don't get in my way!,0,1
16,Wild Grass,22,45,0,0,101,7,4,29,434,9434,12735,4,6,87,987,1137,4,6,290,1790,3590,4,3,215,1215,2247,4,12,104,604,1208,4,8,159,859,959,4,5,126,726,826,13,0,4,0,0,0,4,0,0,0,0,0,0,0,1,2,3,5,2,1,9999,2,178,0,0,0,5,2,3,0,50,100,29,116,"I'm no weed, I'm a proud warrior of the plant world!",0,1
17,Mandragora,22,46,0,0,101,7,4,49,458,9458,12768,4,5,86,986,1136,4,8,294,1794,3594,4,5,219,1219,2255,4,12,104,604,1208,4,9,160,860,960,4,6,127,727,827,13,4,0,7,0,2,0,7,0,0,0,0,0,0,1,2,3,5,2,5,9999,2,179,0,0,0,5,2,2,0,50,100,31,72,"Don't eat me, I taste terrible!",0,1
18,Terror Tree,22,47,0,0,101,7,4,69,482,9482,12800,4,6,87,987,1137,4,12,301,1801,3601,4,6,221,1221,2258,4,14,106,606,1212,4,9,160,860,960,4,5,126,726,826,13,6,0,0,5,2,0,0,0,0,0,0,0,0,1,2,3,5,2,10,9999,2,179,0,0,0,5,2,1,0,50,100,27,110,"Welcome, welcome... Watch out for my branches!",0,1
19,Broccolin,22,48,0,0,101,7,4,37,444,9444,12749,4,4,84,984,1134,4,10,298,1798,3598,4,4,217,1217,2251,4,10,102,602,1204,4,8,159,859,959,4,6,127,727,827,13,0,0,4,7,3,0,4,0,0,0,0,0,0,1,2,3,5,2,10,9999,2,180,0,0,0,5,2,2,0,50,100,29,112,"In this kingdom, broccoli boils YOU!",0,1
20,Fake Apple,22,49,0,0,101,7,4,77,492,9492,12814,4,7,88,988,1138,4,12,301,1801,3601,4,5,219,1219,2255,4,15,108,608,1216,4,13,165,865,965,4,5,126,726,826,13,6,0,0,3,0,0,0,0,0,0,0,0,0,1,2,3,5,2,15,9999,2,180,0,0,0,5,2,2,0,50,100,30,84,"Whoa, I wasn't expecting you so soon! I'm shaken to my core!",0,1
21,Fugitive Egg,22,50,0,0,101,7,4,41,449,9449,12756,4,7,88,988,1138,4,8,294,1794,3594,4,5,219,1219,2255,4,10,102,602,1204,4,8,159,859,959,4,5,126,726,826,13,0,2,0,5,4,0,0,0,0,0,0,0,0,1,2,3,5,2,15,9999,2,181,0,0,0,5,2,3,10,65,100,28,89,Let's see which one of us cracks first!,0,1
22,Wild Shrub,22,40,0,1,101,7,4,33,439,9439,12742,4,7,88,988,1138,4,7,292,1940,3740,4,3,215,1215,2247,4,14,106,606,1212,4,8,159,859,959,4,5,126,726,826,13,0,4,0,0,0,4,0,0,0,0,0,0,0,1,2,3,5,2,5,9999,2,182,0,0,0,5,2,1,60,190,100,29,94,How dare you treat my son like a common weed. I'll teach you a lesson!,0,1
23,Screaming Caterpillar,22,41,0,1,101,7,4,56,467,9467,12780,4,6,87,987,1137,4,8,294,1944,3744,4,6,221,1221,2258,4,13,105,605,1210,4,9,160,860,960,4,6,127,727,827,13,5,0,7,0,2,0,7,0,0,0,0,0,0,1,2,3,5,2,10,9999,2,183,0,0,0,5,2,1,100,260,100,28,105,I need food for my metamorphosis. Don't get in my way!,0,1
24,Assault Bee,22,42,0,1,101,7,4,79,494,9494,12816,4,7,88,988,1138,4,13,303,1962,3762,4,7,223,1223,2262,4,16,109,609,1218,4,10,162,862,962,4,5,126,726,826,13,6,0,0,5,2,0,0,0,0,0,0,0,0,1,2,3,5,2,15,9999,2,184,0,0,0,5,2,0,140,325,100,26,93,"Bzzz... Bzz-zzz, bzzzzzz!",0,1
25,Renegade Bird,22,43,0,1,101,7,4,46,455,9455,12764,4,5,86,986,1136,4,11,299,1954,3754,4,5,219,1219,2255,4,11,103,603,1206,4,8,159,859,959,4,6,127,727,827,13,0,0,4,7,3,0,4,0,0,0,0,0,0,1,2,3,5,2,20,9999,2,185,0,0,0,5,2,3,190,410,100,22,143,"I knew this day would come. Awright, step right up for a poundin'!",0,2
26,Human-Faced Tree,22,39,0,2,101,7,4,98,517,9517,12847,4,8,89,989,1139,4,13,303,2440,4240,4,7,223,1223,2262,4,18,111,611,1222,4,15,168,868,968,4,5,126,726,826,13,6,0,0,3,0,0,0,0,0,0,0,0,0,1,2,3,5,2,25,9999,2,186,0,0,0,5,2,2,640,1215,100,20,115,I'm stuck with this wooden smile but inside I'm boiling with rage!,0,2
27,Dizzy Butterfly,22,51,0,3,101,7,4,93,511,9511,12839,4,12,94,994,1144,4,14,305,3258,5058,4,11,231,1231,2277,4,17,110,610,1220,4,11,163,863,963,4,6,127,727,827,13,0,2,0,5,4,0,0,0,0,0,0,0,0,1,2,3,5,2,65,9999,2,187,0,0,0,5,2,0,1620,2925,100,33,95,I finally hatched from my chrysalis! Now I'm way stronger than before!,0,2
28,Rockclad Ladybug,22,15,0,0,103,7,4,29,434,9434,12735,4,6,87,987,1137,4,6,290,1790,3590,4,3,215,1215,2247,4,12,104,604,1208,4,8,159,859,959,4,5,126,726,826,13,0,4,0,0,0,4,0,0,0,0,0,0,0,1,2,3,6,4,1,9999,2,198,0,0,0,5,5,1,0,50,100,28,165,I've only got 30 years left on the mortgage for this carapace!,0,1
29,Triplet Rocks,22,16,0,0,103,7,4,44,452,9452,12760,4,5,86,986,1136,4,8,294,1794,3594,4,5,219,1219,2255,4,11,103,603,1206,4,8,159,859,959,4,6,127,727,827,13,4,0,7,0,2,0,7,0,0,0,0,0,0,1,2,3,6,4,1,9999,2,198,0,0,0,5,5,1,0,50,100,23,88,"We're not barnacles, all right?!",0,1
30,Horned Rock,22,17,0,0,103,7,4,77,492,9492,12814,4,7,88,988,1138,4,13,303,1803,3603,4,7,223,1223,2262,4,15,108,608,1216,4,10,162,862,962,4,5,126,726,826,13,6,0,0,5,2,0,0,0,0,0,0,0,0,1,2,3,6,4,15,9999,2,199,0,0,0,5,5,0,0,50,100,30,85,My horn's perfect for making shish kebabs...and for fighting too!,0,1
31,Shaggy Bug,22,18,0,0,103,7,4,50,460,9460,12771,4,5,86,986,1136,4,11,299,1799,3599,4,5,219,1219,2255,4,12,104,604,1208,4,9,160,860,960,4,6,127,727,827,13,0,0,4,7,3,0,4,0,0,0,0,0,0,1,2,3,6,4,25,9999,2,199,0,0,0,5,5,2,0,50,100,27,146,You'll never beat my lustrous sheen and healthy roots!,0,1
32,Machbat,22,19,0,0,103,7,4,109,530,9530,12865,4,9,90,990,1140,4,14,305,1805,3605,4,7,223,1223,2262,4,20,114,614,1228,4,17,170,870,970,4,5,126,726,826,13,7,0,0,3,0,1,0,0,0,0,0,0,0,1,2,3,6,4,35,9999,2,199,0,0,0,5,5,3,0,50,100,22,114,"Hello, hello! No time to talk, let's fight!",0,1
33,Granitron,22,20,0,0,103,7,4,71,485,9485,12804,4,10,92,992,1142,4,12,301,1801,3601,4,10,229,1229,2273,4,14,106,606,1212,4,9,160,860,960,4,5,126,726,826,13,0,2,0,5,4,0,0,0,0,0,0,0,0,1,2,3,6,4,50,9999,2,200,0,0,0,5,5,1,0,50,100,20,79,I am Granitron. All will crumble in face of my might!,0,1
34,Flint Rockson,22,21,0,0,103,7,4,79,494,9494,12816,4,13,95,995,1145,4,10,298,1798,3598,4,5,219,1219,2255,4,26,121,621,1242,4,12,164,864,964,4,6,127,727,827,13,0,4,0,0,0,5,0,0,0,0,0,0,0,1,2,3,6,4,60,9999,2,200,0,0,0,5,5,1,0,50,100,31,164,"Which one of us is stronger, huh? I bet it's me!",0,1
35,Ore Crab,22,9,0,1,103,7,4,44,452,9452,12760,4,5,86,986,1136,4,8,294,1944,3744,4,5,219,1802,3333,4,11,103,603,1206,4,8,159,859,959,4,6,127,727,827,13,4,0,7,0,2,0,7,0,0,0,0,0,0,1,2,3,6,4,1,9999,2,201,0,0,0,5,5,0,30,140,100,22,154,I've been practicing how to walk forwards!,0,1
36,Craggy Conepoke,22,10,0,1,103,7,4,55,466,9466,12779,4,5,86,986,1136,4,11,299,1954,3754,4,5,219,1802,3333,4,13,105,605,1210,4,9,160,860,960,4,5,126,726,826,13,6,0,0,5,2,0,0,0,0,0,0,0,0,1,2,3,6,4,1,9999,2,201,0,0,0,5,5,3,30,140,100,26,138,You'll never beat me. Come at me!,0,1
37,One-Eyed Rock,22,11,0,1,103,7,4,46,455,9455,12764,4,5,86,986,1136,4,11,299,1954,3754,4,5,219,1802,3333,4,11,103,603,1206,4,8,159,859,959,4,6,127,727,827,13,0,0,4,7,3,0,4,0,0,0,0,0,0,1,2,3,6,4,20,9999,2,202,0,0,0,5,5,2,60,190,100,15,142,"I wasn't glaring at you, I always look like this!",0,1
38,Metamorphic Stone,22,12,0,1,103,7,4,104,524,9524,12857,4,9,90,990,1140,4,14,305,1966,3766,4,7,223,1809,3346,4,19,112,612,1224,4,15,168,868,968,4,5,126,726,826,13,7,0,0,3,0,0,0,0,0,0,0,0,0,1,2,3,6,4,30,9999,2,203,0,0,0,5,5,0,100,260,100,5,169,"One minute I'm a rock, the next I'm a monster! Bwahaha!",0,1
39,Rock Golem,22,13,0,1,103,7,4,69,482,9482,12800,4,10,92,992,1142,4,12,301,1958,3758,4,8,225,1812,3352,4,14,106,606,1212,4,9,160,860,960,4,5,126,726,826,13,0,2,0,5,4,0,0,0,0,0,0,0,0,1,2,3,6,4,45,9999,2,203,0,0,0,5,5,0,100,260,100,30,71,Let's get this started. I've been waiting for a chance to smash you up!,0,1
40,Fashion Golem,22,14,0,1,103,7,4,82,498,9498,12822,4,14,96,996,1146,4,10,298,1952,3752,4,5,219,1802,3333,4,26,121,621,1242,4,12,164,864,964,4,6,127,727,827,13,0,4,0,0,0,5,0,0,0,0,0,0,0,1,2,3,6,4,60,9999,2,204,0,0,0,5,5,2,140,325,100,31,149,"Check out my new grass wig - pretty spiffy, right?",0,1
41,Slurper Z,22,7,0,2,103,7,4,114,536,9536,12873,4,9,90,990,1140,4,12,301,2430,4230,4,10,229,1820,3367,4,21,115,615,1230,4,13,165,865,965,4,6,127,727,827,13,6,0,7,0,2,1,7,0,0,0,0,0,0,1,2,3,6,4,50,9999,2,204,0,0,0,5,5,0,360,740,100,33,146,What I'm going to do now may make you uncomfortable.,0,1
42,Lococonut,22,8,0,2,103,7,4,160,592,9592,12949,4,12,94,994,1144,4,22,319,2525,4325,4,13,235,1830,3385,4,26,121,621,1242,4,16,169,869,969,4,6,127,727,827,13,8,0,0,6,2,1,0,0,0,0,0,0,0,1,2,3,6,4,60,9999,2,205,0,0,0,5,5,1,490,960,100,26,76,"Want a coconut? They're delicious, and hurt like hell when aimed right!",0,2
43,Brock Rockson,22,22,0,3,103,7,4,88,505,9505,12831,4,8,89,989,1139,4,17,310,3311,5111,4,9,227,2084,3855,4,17,110,610,1220,4,11,163,863,963,4,6,127,727,827,13,0,0,4,7,3,0,4,0,0,0,0,0,0,1,2,3,6,4,60,9999,2,206,0,0,0,5,5,1,1280,2345,100,31,87,Thanks for playing with my son. Now it's my turn to pulverize ya!,0,2
44,Drago,22,23,0,3,103,7,4,165,598,9598,12957,4,12,94,994,1144,4,20,316,3376,5176,4,10,229,2093,3872,4,27,122,622,1244,4,21,175,875,975,4,6,127,727,827,13,8,0,0,4,0,1,0,0,0,0,0,0,0,1,2,3,6,4,60,9999,2,207,0,0,0,5,5,3,1620,2925,100,7,167,Raaaaargh! Time to slice and dice!,0,2
45,Undead Pirate,22,76,0,0,102,7,4,29,434,9434,12735,4,5,86,986,1136,4,7,292,1792,3592,4,5,219,1219,2255,4,9,100,600,1200,4,7,158,858,958,4,5,126,726,826,13,0,2,0,5,4,0,0,0,0,0,0,0,0,1,2,3,7,3,1,9999,2,188,0,0,0,5,6,2,0,50,100,22,144,"Yarrr, come join us down below in Davy Jones' locker!",0,1
46,Sandworm,22,77,0,0,102,7,4,29,434,9434,12735,4,6,87,987,1137,4,6,290,1790,3590,4,3,215,1215,2247,4,12,104,604,1208,4,8,159,859,959,4,5,126,726,826,13,0,4,0,0,0,4,0,0,0,0,0,0,0,1,2,3,7,3,1,9999,2,188,0,0,0,5,6,0,0,50,100,27,130,"Boy howdy, I love the desert! I've been livin' here 66 years.",0,1
47,Stinger,22,78,0,0,102,7,4,55,466,9466,12779,4,5,86,986,1136,4,8,294,1794,3594,4,5,219,1219,2255,4,13,105,605,1210,4,9,160,860,960,4,6,127,727,827,13,5,0,7,0,2,0,7,0,0,0,0,0,0,1,2,3,7,3,10,9999,2,189,0,0,0,5,6,3,0,50,100,30,111,Something about your face really makes me wanna sting you!,0,1
48,Trapling,22,73,0,0,102,7,4,93,511,9511,12839,4,8,89,989,1139,4,14,305,1805,3605,4,8,225,1225,2266,4,17,110,610,1220,4,11,163,863,963,4,5,126,726,826,13,6,0,0,5,2,0,0,0,0,0,0,0,0,1,2,3,7,3,25,9999,2,189,0,0,0,5,6,0,0,50,100,26,101,"O, foolish mortal, wandering into my lair, prepare to face your doom!",0,1
49,Cactitus,22,74,0,0,102,7,4,71,485,9485,12804,4,6,87,987,1137,4,14,305,1805,3605,4,8,225,1225,2266,4,14,106,606,1212,4,9,160,860,960,4,6,127,727,827,13,0,0,4,7,3,0,4,0,0,0,0,0,0,1,2,3,7,3,50,9999,2,190,0,0,0,5,6,1,0,50,100,22,73,"Yowch, I got pricked by one of my own needles! What, you think that's funny?",0,1
50,Lurkeel,22,75,0,0,102,7,4,181,617,9617,12982,4,13,95,995,1145,4,21,317,1817,3617,4,11,231,1231,2277,4,29,124,624,1248,4,24,178,878,978,4,6,127,727,827,13,8,0,0,4,0,1,0,0,0,0,0,0,0,1,2,3,7,3,80,9999,2,190,0,0,0,5,6,0,0,50,100,31,141,It's my turn! Let's make this a good battle!,0,1
51,Dragolion,22,79,0,0,102,7,4,113,535,9535,12872,4,15,98,998,1148,4,17,310,1810,3610,4,14,237,1237,2288,4,20,114,614,1228,4,13,165,865,965,4,6,127,727,827,13,0,2,0,5,4,1,0,0,0,0,0,0,0,1,2,3,7,3,100,9999,2,191,0,0,0,5,6,3,10,65,100,20,132,Rargh! At last... I've been itching for a fight!,0,1
52,Desertail,22,67,0,1,102,7,4,33,439,9439,12742,4,7,88,988,1138,4,7,292,1940,3740,4,3,215,1215,2247,4,14,106,606,1212,4,8,159,859,959,4,5,126,726,826,13,0,4,0,0,0,4,0,0,0,0,0,0,0,1,2,3,7,3,5,9999,2,191,0,0,0,5,6,2,30,140,100,31,92,You've got guts stepping into my territory!,0,1
53,Dried-Out Fish,22,68,0,1,102,7,4,63,475,9475,12791,4,6,87,987,1137,4,8,294,1944,3744,4,6,221,1221,2258,4,13,105,605,1210,4,9,160,860,960,4,6,127,727,827,13,5,0,7,0,2,0,7,0,0,0,0,0,0,1,2,3,7,3,15,9999,2,192,0,0,0,5,6,2,60,190,100,10,96,I stayed in the sun too long... Water... Water...!,0,1
54,Tutanhop,22,69,0,1,102,7,4,104,524,9524,12857,4,9,90,990,1140,4,16,308,1972,3772,4,9,227,1227,2269,4,19,112,612,1224,4,12,164,864,964,4,5,126,726,826,13,7,0,0,5,2,0,0,0,0,0,0,0,0,1,2,3,7,3,30,9999,2,193,0,0,0,5,6,3,100,260,100,5,133,I need some more bandages! You got any?,0,1
55,Sandbag,22,70,0,1,102,7,4,69,482,9482,12800,4,6,87,987,1137,4,14,305,1966,3766,4,7,223,1223,2262,4,14,106,606,1212,4,9,160,860,960,4,6,127,727,827,13,0,0,4,7,3,0,4,0,0,0,0,0,0,1,2,3,7,3,45,9999,2,193,0,0,0,5,6,1,100,260,100,22,118,I've been in the desert for 99 years. I love it here!,0,1
56,Snappish Turtle,22,71,0,1,102,7,4,146,575,9575,12926,4,11,93,993,1143,4,18,312,1981,3781,4,9,227,1227,2269,4,25,120,620,1240,4,20,174,874,974,4,5,126,726,826,13,7,0,0,3,0,1,0,0,0,0,0,0,0,1,2,3,7,3,55,9999,2,194,0,0,0,5,6,1,140,325,100,28,98,Slooow riiiide! Yeeep! Thaaat's meee!,0,1
57,Mirage Eel,22,72,0,1,102,7,4,118,541,9541,12880,4,15,98,998,1148,4,17,310,1976,3776,4,14,237,1237,2288,4,21,115,615,1230,4,13,165,865,965,4,6,127,727,827,13,0,2,0,5,4,1,0,0,0,0,0,0,0,1,2,3,7,3,100,9999,2,194,0,0,0,5,6,3,140,325,100,21,145,"Blast it, you saw through my disguise! Get ready to be dragged down to the depths!",0,1
58,Thornster,22,65,0,2,102,7,4,83,499,9499,12823,4,14,96,996,1146,4,10,298,2414,4214,4,5,219,1219,2255,4,26,121,621,1242,4,12,164,864,964,4,6,127,727,827,13,0,4,0,0,0,5,0,0,0,0,0,0,0,1,2,3,7,3,58,9999,2,195,0,0,0,5,6,0,490,960,100,33,146,All I want is a strong opponent! Think you can keep me amused?,0,2
59,Queen Cactitus,22,66,0,2,102,7,4,184,620,9620,12987,4,14,96,996,1146,4,17,310,2477,4277,4,15,239,1239,2292,4,29,124,624,1248,4,17,170,870,970,4,8,129,729,829,13,7,0,7,0,2,1,7,0,0,0,0,0,0,1,2,3,7,3,100,9999,2,196,0,0,0,5,6,3,640,1215,100,23,99,Ho ho ho! Beware - a beautiful flower has thorns!,0,2
60,Cobrajah,22,80,0,3,102,7,4,286,743,9743,13153,4,20,104,1004,1154,4,36,344,3693,5493,4,22,252,1252,2316,4,43,141,641,1282,4,24,178,878,978,4,6,127,727,827,13,10,0,0,6,3,2,0,0,0,0,0,0,0,1,2,3,7,3,125,9999,2,197,0,0,0,5,6,2,1620,2925,100,30,78,This desert is my domain. It'll swallow you whole!,0,2
61,Hoppity,22,58,0,0,105,7,4,29,434,9434,12735,4,4,84,984,1134,4,8,294,1944,3744,4,4,217,1217,2251,4,9,100,600,1200,4,7,158,858,958,4,6,127,727,827,13,0,0,4,7,3,0,4,0,0,0,0,0,0,1,2,3,1,6,1,9999,2,218,0,0,0,5,1,1,0,50,100,29,75,Hop! Hoppity hop!,0,1
62,Snowbug,22,59,0,0,105,7,4,127,552,9552,12895,4,10,92,992,1142,4,16,308,1972,3772,4,9,227,1227,2269,4,22,116,616,1232,4,18,171,871,971,4,5,126,726,826,13,7,0,0,3,0,1,0,0,0,0,0,0,0,1,2,3,1,6,46,9999,2,218,0,0,0,5,1,2,0,50,100,10,134,"Whoo, sure is a cold one today. I feel like I could freeze!",0,1
63,Fiery Snow,22,60,0,0,105,7,4,83,499,9499,12823,4,11,93,993,1143,4,13,303,1962,3762,4,10,229,1229,2273,4,16,109,609,1218,4,10,162,862,962,4,5,126,726,826,13,0,2,0,5,4,0,0,0,0,0,0,0,0,1,2,3,1,6,65,9999,2,219,0,0,0,5,1,0,0,50,100,10,131,The rage of all living things courses through me!,0,1
64,Icebug,22,61,0,0,105,7,4,88,505,9505,12831,4,15,98,998,1148,4,11,299,1954,3754,4,6,221,1221,2258,4,27,122,622,1244,4,13,165,865,965,4,6,127,727,827,13,0,4,0,0,0,5,0,0,0,0,0,0,0,1,2,3,1,6,70,9999,2,219,0,0,0,5,1,3,0,50,100,20,128,I hide underneath the frost and snow for moments like this!,0,1
65,Icebox,22,62,0,0,105,7,4,234,680,9680,13068,4,17,100,1000,1150,4,21,317,1991,3791,4,18,245,1245,2303,4,37,134,634,1268,4,21,175,875,975,4,8,129,729,829,13,8,0,7,0,2,1,7,0,0,0,0,0,0,1,2,3,1,6,150,9999,2,220,0,0,0,5,1,1,0,50,100,10,147,You hit me! You actually hit me! That wasn't very n-ice!,0,1
66,Polar Pupper,22,63,0,0,105,7,4,403,883,9883,13342,4,27,112,1012,1162,4,48,366,2098,3898,4,30,268,1268,2345,4,59,160,660,1320,4,32,188,888,988,4,7,128,728,828,13,13,0,0,7,3,2,0,0,0,0,0,0,0,1,2,3,1,6,220,9999,2,220,0,0,0,5,1,2,0,50,100,22,140,"Quit it, I'm not a bad monster! I'm just a little misunderstood...",0,1
67,Falcone,22,53,0,1,105,7,4,69,482,9482,12800,4,6,87,987,1137,4,14,305,2451,4251,4,7,223,1223,2262,4,14,106,606,1212,4,9,160,860,960,4,6,127,727,827,13,0,0,4,7,3,0,4,0,0,0,0,0,0,1,2,3,1,6,45,9999,2,221,0,0,0,5,1,2,30,140,100,15,152,I just turned 300 the other day. I'm not about to die now!,0,1
68,Glacie,22,54,0,1,105,7,4,188,625,9625,12993,4,14,96,996,1146,4,22,319,2525,4325,4,12,233,1233,2281,4,30,126,626,1252,4,24,178,878,978,4,6,127,727,827,13,8,0,0,4,0,1,0,0,0,0,0,0,0,1,2,3,1,6,80,9999,2,222,0,0,0,5,1,3,60,190,100,20,81,I've been waiting for you! You'll never be the same after this battle!,0,1
69,Igluu,22,55,0,1,105,7,4,140,568,9568,12916,4,18,101,1001,1151,4,19,314,2498,4298,4,17,243,1243,2299,4,24,118,618,1236,4,14,166,866,966,4,6,127,727,827,13,0,2,0,5,4,1,0,0,0,0,0,0,0,1,2,3,1,6,125,9999,2,223,0,0,0,5,1,0,100,260,100,26,120,"I'm just a regular igloo. Trust me, crawl right in and relax.",0,1
70,Howling Wraith,22,56,0,1,105,7,4,163,595,9595,12953,4,25,110,1010,1160,4,16,308,2466,4266,4,10,229,1229,2273,4,47,146,646,1292,4,19,172,872,972,4,7,128,728,828,13,0,5,0,0,0,6,0,0,0,0,0,0,0,1,2,3,1,6,150,9999,2,224,0,0,0,5,1,3,140,325,100,17,170,"I'm so lonely...I just want a little company, that's all!",0,1
71,Freezard,22,57,0,1,105,7,4,379,854,9854,13302,4,26,111,1011,1161,4,32,337,2625,4425,4,29,266,1266,2342,4,56,157,657,1314,4,30,186,886,986,4,9,130,730,830,13,11,0,7,0,3,2,7,0,0,0,0,0,0,1,2,3,1,6,250,9999,2,225,0,0,0,5,1,0,190,410,100,30,90,Sup! Shall we dance?,0,2
72,Snake Ice,22,52,0,2,105,7,4,319,782,9782,13205,4,22,106,1006,1156,4,40,352,2712,4512,4,24,256,1256,2323,4,48,147,647,1294,4,26,181,881,981,4,6,127,727,827,13,11,0,0,7,3,2,0,0,0,0,0,0,0,1,2,3,1,6,150,9999,2,226,0,0,0,5,1,2,640,1215,100,12,91,"I'm so cold, I just want to go to bed. Let's get this over with!",0,2
73,Snow Dragon,22,64,0,3,105,7,4,281,737,9737,13144,4,20,104,1004,1154,4,43,357,3848,5648,4,26,260,1260,2331,4,42,140,640,1280,4,24,178,878,978,4,7,128,728,828,13,0,0,4,9,4,2,4,0,0,0,0,0,0,1,2,3,1,6,255,9999,2,227,0,0,0,5,1,3,1620,2925,100,34,104,You've done well to make it this far. But your lucky streak ends here!,0,2
74,Swamp Toad,22,86,0,0,104,7,4,55,466,9466,12779,4,5,86,986,1136,4,10,298,1952,3752,4,4,217,1217,2251,4,13,105,605,1210,4,11,163,863,963,4,5,126,726,826,13,6,0,0,3,0,0,0,0,0,0,0,0,0,1,2,3,4,7,1,9999,2,228,0,0,0,5,4,3,0,50,100,27,153,"Croak, croak. Croooooooooak!",0,1
75,Crabella,22,87,0,0,104,7,4,29,434,9434,12735,4,5,86,986,1136,4,7,292,1940,3740,4,5,219,1219,2255,4,9,100,600,1200,4,7,158,858,958,4,5,126,726,826,13,0,2,0,5,4,0,0,0,0,0,0,0,0,1,2,3,4,7,1,9999,2,228,0,0,0,5,4,1,0,50,100,28,106,"Have we met before...? Could we have been lovers in a past life? Yeah, right!",0,1
76,Marshmaid,22,88,0,0,104,7,4,58,469,9469,12783,4,10,92,992,1142,4,8,294,1944,3744,4,5,219,1219,2255,4,20,114,614,1228,4,10,162,862,962,4,5,126,726,826,13,0,4,0,0,0,5,0,0,0,0,0,0,0,1,2,3,4,7,35,9999,2,228,0,0,0,5,4,0,0,50,100,30,97,Sink into the swamp and get ready to party!,0,1
77,Sneakyfish,22,89,0,0,104,7,4,106,527,9527,12861,4,9,90,990,1140,4,12,301,1958,3758,4,9,227,1227,2269,4,19,112,612,1224,4,12,164,864,964,4,6,127,727,827,13,6,0,7,0,2,0,7,0,0,0,0,0,0,1,2,3,4,7,50,9999,2,229,0,0,0,5,4,2,0,50,100,21,100,You spotted me? N-n-no way!,0,1
78,Skullene,22,90,0,0,104,7,4,157,588,9588,12943,4,12,94,994,1144,4,22,319,1995,3795,4,13,235,1235,2284,4,26,121,621,1242,4,16,169,869,969,4,6,127,727,827,13,8,0,0,6,2,1,0,0,0,0,0,0,0,1,2,3,4,7,65,9999,2,229,0,0,0,5,4,3,0,50,100,16,83,Hee hee hee... I just love the shape of your heads!,0,1
79,Brute-Belly Jackson,22,91,0,0,104,7,4,96,515,9515,12845,4,8,89,989,1139,4,17,310,1976,3776,4,9,227,1227,2269,4,18,111,611,1222,4,12,164,864,964,4,6,127,727,827,13,0,0,4,7,3,0,4,0,0,0,0,0,0,1,2,3,4,7,80,9999,2,230,0,0,0,5,4,2,0,50,100,11,108,"I'm up? I'm up! Geez, I'm sooo nervous!",0,1
80,Kid Slime,22,92,0,0,104,7,4,205,646,9646,13022,4,15,98,998,1148,4,23,321,1999,3799,4,13,235,1235,2284,4,33,129,629,1258,4,26,181,881,981,4,6,127,727,827,13,9,0,0,4,0,1,0,0,0,0,0,0,0,1,2,3,4,7,95,9999,2,230,0,0,0,5,4,2,0,50,100,28,166,"Hi, hi, hi! I'll show you how awesome a slime can be!",0,1
81,Dropplet,22,93,0,0,104,7,4,113,535,9535,12872,4,15,98,998,1148,4,17,310,1976,3776,4,14,237,1237,2288,4,20,114,614,1228,4,13,165,865,965,4,6,127,727,827,13,0,2,0,5,4,1,0,0,0,0,0,0,0,1,2,3,4,7,100,9999,2,231,0,0,0,5,4,2,10,65,100,22,121,I'm made of only the purest mineral water!,0,1
82,Tinyturt,22,94,0,0,104,7,4,130,556,9556,12900,4,20,104,1004,1154,4,13,303,1962,3762,4,9,227,1227,2269,4,38,135,635,1270,4,16,169,869,969,4,6,127,727,827,13,0,5,0,0,0,5,0,0,0,0,0,0,0,1,2,3,4,7,120,9999,2,231,0,0,0,5,4,1,10,65,100,16,168,"I'm small, but I pack a punch! Come at me anytime!",0,1
83,Giant Alraune,22,83,0,1,104,7,4,44,452,9452,12760,4,5,86,986,1136,4,8,294,2394,4194,4,5,219,1219,2255,4,11,103,603,1206,4,8,159,859,959,4,6,127,727,827,13,4,0,7,0,2,0,7,0,0,0,0,0,0,1,2,3,4,7,1,9999,2,232,0,0,0,5,4,1,60,190,100,33,74,"Don't be shy, get in close and enjoy my flower's fragrance!",0,1
84,Steel-Stomach Jackie,22,84,0,1,104,7,4,154,584,9584,12938,4,12,94,994,1144,4,22,319,2525,4325,4,13,235,1235,2284,4,25,120,620,1240,4,15,168,868,968,4,6,127,727,827,13,8,0,0,6,2,1,0,0,0,0,0,0,0,1,2,3,4,7,60,9999,2,233,0,0,0,5,4,0,100,260,100,17,103,Just try it! I'll deflect every last one of your attacks!,0,1
85,Skullbug,22,85,0,1,104,7,4,118,541,9541,12880,4,9,90,990,1140,4,20,316,2509,4309,4,11,231,1231,2277,4,21,115,615,1230,4,13,165,865,965,4,6,127,727,827,13,0,0,4,8,3,1,4,0,0,0,0,0,0,1,2,3,4,7,100,9999,2,234,0,0,0,5,4,0,140,325,100,24,113,"Whoa, a living human! I thought you were just a myth!",0,1
86,Murderbirb,22,81,0,2,104,7,4,213,655,9655,13034,4,15,98,998,1148,4,24,323,3453,5253,4,13,235,1235,2284,4,33,129,629,1258,4,26,181,881,981,4,6,127,727,827,13,9,0,0,4,0,1,0,0,0,0,0,0,0,1,2,3,4,7,90,9999,2,235,0,0,0,5,4,0,490,960,100,32,119,I'm gonna peck you where it hurts!,0,2
87,Gelatintin,22,82,0,2,104,7,4,142,570,9570,12919,4,18,101,1001,1151,4,19,314,3354,5154,4,17,243,1243,2299,4,24,118,618,1236,4,14,166,866,966,4,6,127,727,827,13,0,2,0,5,4,1,0,0,0,0,0,0,0,1,2,3,4,7,120,9999,2,236,0,0,0,5,4,2,640,1215,100,34,86,I'll teach you the meaning of fear and turn you into jelly!,0,2
88,Big-Bellied Frog,22,95,0,3,104,7,4,154,584,9584,12938,4,24,108,1008,1158,4,16,308,3290,5090,4,10,229,1229,2273,4,44,142,642,1284,4,18,171,871,971,4,7,128,728,828,13,0,5,0,0,0,6,0,0,0,0,0,0,0,1,2,3,4,7,127,9999,2,237,0,0,0,5,4,0,1620,2925,100,8,82,"I-if you attack my belly, I'll explode! ...Just kidding.",0,2
89,Ember,22,31,0,0,106,7,4,361,833,9833,13274,4,25,110,1010,1160,4,30,334,2027,3827,4,27,262,1262,2334,4,53,153,653,1306,4,29,184,884,984,4,9,130,730,830,13,11,0,7,0,3,2,7,0,0,0,0,0,0,1,2,3,3,5,250,9999,2,208,0,0,0,5,3,0,0,50,100,5,77,"If you play with fire, you're gonna get burned!",0,1
90,Volcanus,22,32,0,0,106,7,4,451,941,9941,13420,4,30,116,1016,1166,4,54,377,2123,3923,4,34,276,1276,2360,4,65,168,668,1336,4,35,192,892,992,4,7,128,728,828,13,14,0,0,7,3,3,0,0,0,0,0,0,0,1,2,3,3,5,250,9999,2,208,0,0,0,5,3,0,0,50,100,28,139,I'm about to blow my top!,0,1
91,Mimico,22,33,0,0,106,7,4,240,688,9688,13078,4,17,100,1000,1150,4,37,346,2053,3853,4,22,252,1252,2316,4,37,134,634,1268,4,21,175,875,975,4,7,128,728,828,13,0,0,4,8,4,1,4,0,0,0,0,0,0,1,2,3,3,5,250,9999,2,209,0,0,0,5,3,1,0,50,100,22,129,"Owwie, I can't get out of this darned chest. Now I'm mad!",0,1
92,Gasper,22,34,0,0,106,7,4,451,941,9941,13420,4,30,116,1016,1166,4,46,362,2089,3889,4,27,262,1262,2334,4,65,168,668,1336,4,50,210,910,1010,4,7,128,728,828,13,14,0,0,5,1,3,0,0,0,0,0,0,0,1,2,3,3,5,250,9999,2,209,0,0,0,5,3,2,0,50,100,16,80,"You can't hit me, I'm made of smoke!",0,1
93,Undead Cap'n,22,35,0,0,106,7,4,240,688,9688,13078,4,29,114,1014,1164,4,30,334,2027,3827,4,28,264,1264,2338,4,37,134,634,1268,4,21,175,875,975,4,7,128,728,828,13,0,3,0,6,5,1,0,0,0,0,0,0,0,1,2,3,3,5,250,9999,2,210,0,0,0,5,3,1,0,50,100,26,109,I'll be gettin' right back to me ship after I deal with ye scurvy cur!,0,1
94,Lavallie,22,36,0,0,106,7,4,240,688,9688,13078,4,36,123,1023,1173,4,21,317,1991,3791,4,15,239,1239,2292,4,66,169,669,1338,4,26,181,881,981,4,8,129,729,829,13,0,5,0,0,0,7,0,0,0,0,0,0,0,1,2,3,3,5,250,9999,2,210,0,0,0,5,3,3,0,50,100,6,116,"How'd you like to take a dip in hot, steaming magma?",0,1
95,Lava Bat,22,37,0,0,106,7,4,361,833,9833,13274,4,25,110,1010,1160,4,30,334,2027,3827,4,27,262,1262,2334,4,53,153,653,1306,4,29,184,884,984,4,9,130,730,830,13,11,0,7,0,3,2,7,0,0,0,0,0,0,1,2,3,3,5,250,9999,2,211,0,0,0,5,3,1,10,65,100,5,72,I fell asleep and burned down a whole forest. I'm such a klutz!,0,1
96,Axey Lottle,22,26,0,1,106,7,4,474,968,9968,13456,4,32,118,1018,1168,4,56,380,2882,4682,4,35,278,1278,2364,4,69,172,672,1344,4,37,194,894,994,4,7,128,728,828,13,14,0,0,7,3,3,0,0,0,0,0,0,0,1,2,3,3,5,250,9999,2,212,0,0,0,5,3,1,60,190,100,23,110,"Wow, a real, live human! My friends'll never believe this!",0,1
97,Magmafish,22,27,0,1,106,7,4,252,702,9702,13097,4,18,101,1001,1151,4,38,348,2689,4489,4,23,254,1254,2319,4,39,136,636,1272,4,22,176,876,976,4,7,128,728,828,13,0,0,4,8,4,1,4,0,0,0,0,0,0,1,2,3,3,5,250,9999,2,213,0,0,0,5,3,0,100,260,100,6,112,Who dragged me out of my magma?!,0,1
98,Hotalot Devil,22,28,0,1,106,7,4,474,968,9968,13456,4,32,118,1018,1168,4,48,366,2796,4596,4,28,264,1264,2338,4,69,172,672,1344,4,53,213,913,1013,4,7,128,728,828,13,14,0,0,5,1,3,0,0,0,0,0,0,0,1,2,3,3,5,250,9999,2,213,0,0,0,5,3,0,100,260,100,7,84,GROOOOOAR! You summon me and so I appear!,0,1
99,Dark Smoke,22,29,0,1,106,7,4,252,702,9702,13097,4,30,116,1016,1166,4,31,335,2614,4414,4,29,266,1266,2342,4,39,136,636,1272,4,22,176,876,976,4,7,128,728,828,13,0,3,0,6,5,1,0,0,0,0,0,0,0,1,2,3,3,5,250,9999,2,214,0,0,0,5,3,2,140,325,100,33,89,Here we are again. Get ready to suffocate!,0,1
100,Flaming Hand,22,30,0,1,106,7,4,252,702,9702,13097,4,37,124,1024,1174,4,22,319,2525,4325,4,16,241,1241,2295,4,69,172,672,1344,4,27,182,882,982,4,8,129,729,829,13,0,5,0,0,0,7,0,0,0,0,0,0,0,1,2,3,3,5,250,9999,2,214,0,0,0,5,3,3,140,325,100,7,94,I'll reach out and set your heart aflame!,0,1
101,Firaj,22,24,0,2,106,7,4,538,1045,10045,13560,4,36,123,1023,1173,4,43,357,3848,5648,4,40,288,1288,2382,4,77,182,682,1364,4,41,199,899,999,4,11,133,733,833,13,14,0,8,0,4,3,8,0,0,0,0,0,0,1,2,3,3,5,350,9999,2,215,0,0,0,5,3,0,490,960,100,8,105,My fiery breath will burn you to ash!,0,2
102,Erupterror,22,25,0,2,106,7,4,762,1314,10314,13923,4,50,140,1040,1190,4,88,438,4935,6735,4,56,319,1319,2440,4,107,218,718,1436,4,56,217,917,1017,4,9,130,730,830,13,20,0,0,9,4,5,0,0,0,0,0,0,0,1,2,3,3,5,400,9999,2,216,0,0,0,5,3,1,640,1215,100,9,93,I'll give you a taste of my volcanic passion!,0,2
103,Flame Dragon,22,38,0,3,106,7,4,524,1028,10028,13537,4,35,122,1022,1172,4,76,416,4620,6420,4,46,299,1299,2403,4,75,180,680,1360,4,40,198,898,998,4,8,129,729,829,13,0,0,4,10,5,3,4,0,0,0,0,0,0,1,2,3,3,5,500,9999,2,217,0,0,0,5,3,2,1620,2925,100,24,143,Burn... Burn it all...!,0,2
104,Ghost,22,115,0,0,-1,7,4,101,521,9521,12853,4,8,89,989,1139,4,14,305,3258,5058,4,7,223,1223,2262,4,18,111,611,1222,4,15,168,868,968,4,5,126,726,826,13,7,0,0,3,0,0,0,0,0,0,0,0,0,1,2,3,1,0,30,9999,2,248,0,0,0,5,7,0,0,50,100,29,115,Boo! Aveeenge meee!,0,0
105,Brawlbunn,22,116,0,1,500,7,4,225,670,9670,13054,4,28,113,1013,1163,4,29,332,3554,5354,4,26,260,1260,2331,4,35,132,632,1264,4,20,174,874,974,4,7,128,728,828,13,0,3,0,6,5,1,0,0,0,0,0,0,0,0,,,,7,220,9999,2,251,0,0,0,20,7,2,280,565,200,26,95,"Hi, great to meet ya. And now we fight!",0,0
106,King Ackbar,22,117,0,1,500,7,4,369,842,9842,13286,4,53,143,1043,1193,4,31,335,3588,5388,4,22,252,1252,2316,4,98,207,707,1414,4,36,193,893,993,4,9,130,730,830,13,0,6,0,0,1,8,0,0,0,0,0,0,0,0,,,,7,380,9999,2,255,0,0,0,20,7,1,10190,17410,200,18,165,A battle between rulers? What a spiffing idea!,0,0
107,Octoman,22,118,0,1,500,7,4,338,805,9805,13236,4,23,107,1007,1157,4,28,330,3531,5331,4,26,260,1260,2331,4,50,150,650,1300,4,28,183,883,983,4,8,129,729,829,13,10,0,7,0,3,2,7,0,0,0,0,0,0,0,,,,7,220,9999,2,251,0,0,0,20,7,0,130,310,200,23,88,"Greetings, I am Octoman,<br>a humble Martian tourist.",0,0
108,Pandah,22,119,0,1,500,7,4,490,988,9988,13483,4,33,119,1019,1169,4,58,384,4188,5988,4,37,282,1282,2371,4,70,174,674,1348,4,37,194,894,994,4,7,128,728,828,13,14,0,0,7,3,3,0,0,0,0,0,0,0,0,,,,7,260,9999,2,252,0,0,0,20,7,2,360,700,200,21,85,Don't underestimate me. I'm no regular panda!,0,0
109,Midnight Snack Mervin,22,120,0,1,500,7,4,154,584,9584,12938,4,12,94,994,1144,4,26,326,3486,5286,4,15,239,1239,2292,4,25,120,620,1240,4,15,168,868,968,4,7,128,728,828,13,0,0,4,8,3,1,4,0,0,0,0,0,0,0,,,,7,140,9999,2,249,0,0,0,20,7,0,100,260,200,29,150,"Hey buddy, you're not looking too good. You'll be white as a sheet by the time I finish with you!",0,0
110,Stacey Ditz,22,121,0,1,500,7,4,558,1069,10069,13593,4,37,124,1024,1174,4,55,379,4123,5923,4,33,274,1274,2356,4,80,186,686,1372,4,61,223,923,1023,4,8,129,729,829,13,16,0,0,5,1,4,0,0,0,0,0,0,0,0,,,,7,300,9999,2,253,0,0,0,20,7,1,100,260,200,26,114,"Yeah, hi. I got nothing to say.",0,0
111,Poochington,22,122,0,1,500,7,4,154,584,9584,12938,4,20,104,1004,1154,4,22,319,3409,5209,4,19,247,1247,2306,4,25,120,620,1240,4,15,168,868,968,4,6,127,727,827,13,0,3,0,6,4,1,0,0,0,0,0,0,0,0,,,,7,140,9999,2,249,0,0,0,20,7,2,0,90,200,29,79,"Woof, woof! I'm 16 years old!",0,0
112,Flatsy Maxie,22,123,0,1,500,7,4,154,584,9584,12938,4,24,108,1008,1158,4,16,308,3290,5090,4,10,229,1229,2273,4,44,142,642,1284,4,18,171,871,971,4,7,128,728,828,13,0,5,0,0,0,6,0,0,0,0,0,0,0,0,,,,7,140,9999,2,249,0,0,0,20,7,2,0,90,200,29,164,I'm full of energy since I switched to an iron-rich diet!,0,0
113,Mochipork,22,124,0,1,500,7,4,338,805,9805,13236,4,23,107,1007,1157,4,28,330,3531,5331,4,26,260,1260,2331,4,50,150,650,1300,4,28,183,883,983,4,8,129,729,829,13,10,0,7,0,3,2,7,0,0,0,0,0,0,0,,,,7,220,9999,2,251,0,0,0,20,7,1,30,140,200,23,154,"Oink, oink!",0,0
114,Chimpan Z,22,125,0,1,500,7,4,692,1230,10230,13810,4,45,134,1034,1184,4,79,422,4704,6504,4,51,309,1309,2421,4,97,206,706,1412,4,51,211,911,1011,4,8,129,729,829,13,18,0,0,8,4,4,0,0,0,0,0,0,0,0,,,,7,380,9999,2,255,0,0,0,20,7,3,1390,2450,200,31,111,What a pleasure to meet another Kairo user so far from home!,0,0
115,Grizzly Bearington,22,126,0,1,500,7,4,297,756,9756,13170,4,21,105,1005,1155,4,46,362,3909,5709,4,27,262,1262,2334,4,45,144,644,1288,4,25,180,880,980,4,7,128,728,828,13,0,0,4,9,4,2,4,0,0,0,0,0,0,0,,,,7,300,9999,2,253,0,0,0,20,7,2,1700,2980,200,34,142,"How's it going? Gosh, I was worried I wouldn't get a cameo this time.",0,0
116,Wairobot,22,127,0,1,500,7,4,558,1069,10069,13593,4,37,124,1024,1174,4,55,379,4123,5923,4,33,274,1274,2356,4,80,186,686,1372,4,61,223,923,1023,4,8,129,729,829,13,16,0,0,5,1,4,0,0,0,0,0,0,0,0,,,,7,300,9999,2,253,0,0,0,20,7,1,1900,3320,200,24,172,Heh heh. Soon I'll unleash my evil on the whole world!,0,0
117,Ducky Bills,22,128,0,1,500,7,4,154,584,9584,12938,4,20,104,1004,1154,4,22,319,3409,5209,4,19,247,1247,2306,4,25,120,620,1240,4,15,168,868,968,4,6,127,727,827,13,0,3,0,6,4,1,0,0,0,0,0,0,0,0,,,,7,140,9999,2,249,0,0,0,20,7,2,0,90,200,18,71,I'm tougher than any duck you'll ever meet!,0,0
118,Sally Prin,22,129,0,1,500,7,4,369,842,9842,13286,4,53,143,1043,1193,4,31,335,3588,5388,4,22,252,1252,2316,4,98,207,707,1414,4,36,193,893,993,4,9,130,730,830,13,0,6,0,0,1,8,0,0,0,0,0,0,0,0,,,,7,380,9999,2,255,0,0,0,20,7,0,2290,3980,200,25,171,"Hee hee. You shine so bright, I thought you were made of gold for a minute.",0,0
119,Kairobot,22,130,0,1,500,7,4,500,1000,10000,13500,4,33,119,1019,1169,4,40,352,3788,5588,4,37,282,1282,2371,4,72,176,676,1352,4,38,195,895,995,4,9,130,730,830,13,14,0,7,0,3,3,7,0,0,0,0,0,0,0,,,,7,340,9999,2,254,0,0,0,20,7,3,2140,3725,200,37,171,"Hi! It's me, Kairobot! Ready for some training, buddy?",0,0
120,Vince Balboa,22,131,0,1,500,7,4,558,1069,10069,13593,4,37,124,1024,1174,4,65,397,4359,6159,4,41,289,1289,2384,4,80,186,686,1372,4,42,200,900,1000,4,8,129,729,829,13,16,0,0,8,4,4,0,0,0,0,0,0,0,0,,,,7,300,9999,2,253,0,0,0,20,7,1,10100,17260,200,26,76,Make way for the Legends of Heropolis! Let's do this thing!,0,0
121,Tuxy,22,132,0,1,500,7,4,261,713,9713,13112,4,18,101,1001,1151,4,40,352,3788,5588,4,23,254,1254,2319,4,40,138,638,1276,4,22,176,876,976,4,7,128,728,828,13,0,0,4,9,4,2,4,0,0,0,0,0,0,0,,,,7,260,9999,2,252,0,0,0,20,7,0,160,360,200,20,87,"Things were quiet over in March to a Million, so I thought I'd drop in!",0,0
122,Manager Clapperclaw,22,133,0,1,500,7,4,558,1069,10069,13593,4,37,124,1024,1174,4,55,379,4123,5923,4,33,274,1274,2356,4,80,186,686,1372,4,61,223,923,1023,4,8,129,729,829,13,16,0,0,5,1,4,0,0,0,0,0,0,0,0,,,,7,300,9999,2,253,0,0,0,20,7,2,10100,17260,200,8,167,"Hey, you! Don't mess this up, or I swear you'll be sorry!",0,0
123,Mister X,22,134,0,1,500,7,4,297,756,9756,13170,4,36,123,1023,1173,4,37,346,3716,5516,4,34,276,1276,2360,4,45,144,644,1288,4,25,180,880,980,4,8,129,729,829,13,0,3,0,6,5,2,0,0,0,0,0,0,0,0,,,,7,300,9999,2,253,0,0,0,20,7,0,10100,17260,200,18,144,"Which one of us is stronger, huh? I bet it's me!",0,0
124,Chicken,22,110,1,0,1,7,4,29,434,9434,12735,4,6,87,987,1137,4,6,290,1790,3590,4,3,215,1215,2247,4,12,104,604,1208,4,8,159,859,959,4,5,126,726,826,13,0,4,0,0,0,4,0,0,0,0,0,0,0,0,,,,-1,1,9999,1,5,2,1,25,100,-1,0,0,50,100,-1,-1,未使用,0,0
125,Pig,22,111,1,0,2,7,4,44,452,9452,12760,4,5,86,986,1136,4,8,294,1794,3594,4,5,219,1219,2255,4,11,103,603,1206,4,8,159,859,959,4,6,127,727,827,13,4,0,7,0,2,0,7,0,0,0,0,0,0,0,,,,2,1,999,1,5,3,1,20,100,-1,0,0,50,100,-1,-1,未使用,0,0
126,Pig,22,111,1,0,2,7,4,55,466,9466,12779,4,5,86,986,1136,4,11,299,1799,3599,4,5,219,1219,2255,4,13,105,605,1210,4,9,160,860,960,4,5,126,726,826,13,6,0,0,5,2,0,0,0,0,0,0,0,0,0,,,,6,1,200,1,5,3,1,20,100,-1,0,0,50,100,-1,-1,未使用,0,0
127,Pig,22,111,1,0,2,7,4,29,434,9434,12735,4,4,84,984,1134,4,8,294,1794,3594,4,4,217,1217,2251,4,9,100,600,1200,4,7,158,858,958,4,6,127,727,827,13,0,0,4,7,3,0,4,0,0,0,0,0,0,0,,,,4,1,100,1,5,3,1,20,100,-1,0,0,50,100,-1,-1,未使用,0,0
128,Pig,22,111,1,0,2,7,4,55,466,9466,12779,4,5,86,986,1136,4,10,298,1798,3598,4,4,217,1217,2251,4,13,105,605,1210,4,11,163,863,963,4,5,126,726,826,13,6,0,0,3,0,0,0,0,0,0,0,0,0,0,,,,1,1,9999,1,5,3,1,20,100,-1,0,0,50,100,-1,-1,未使用,0,0
129,Cow,22,112,1,0,3,7,4,29,434,9434,12735,4,5,86,986,1136,4,7,292,1792,3592,4,5,219,1219,2255,4,9,100,600,1200,4,7,158,858,958,4,5,126,726,826,13,0,2,0,5,4,0,0,0,0,0,0,0,0,0,,,,6,1,200,1,5,4,1,15,100,-1,0,0,50,100,-1,-1,未使用,0,0
130,Cow,22,112,1,0,3,7,4,29,434,9434,12735,4,6,87,987,1137,4,6,290,1790,3590,4,3,215,1215,2247,4,12,104,604,1208,4,8,159,859,959,4,5,126,726,826,13,0,4,0,0,0,4,0,0,0,0,0,0,0,0,,,,2,1,350,1,5,4,1,15,100,-1,0,0,50,100,-1,-1,未使用,0,0
131,Shockfish,22,113,0,0,107,7,4,44,452,9452,12760,4,5,86,986,1136,4,8,294,1794,3594,4,5,219,1219,2255,4,11,103,603,1206,4,8,159,859,959,4,6,127,727,827,13,4,0,7,0,2,0,7,0,0,0,0,0,0,0,,,,0,1,9999,2,238,0,0,0,5,1,0,30,100,100,11,118,未使用,0,0
132,Telltail Fish,22,114,0,0,107,7,4,117,540,9540,12879,4,9,90,990,1140,4,17,310,1810,3610,4,10,229,1229,2273,4,21,115,615,1230,4,13,165,865,965,4,5,126,726,826,13,7,0,0,5,2,1,0,0,0,0,0,0,0,0,,,,0,40,9999,2,239,0,0,0,5,1,0,90,200,100,35,98,未使用,0,0
133,Metalbok,22,135,0,0,300,7,4,93,511,9511,12839,4,8,89,989,1139,4,13,303,1803,3603,4,6,221,1221,2258,4,17,110,610,1220,4,14,166,866,966,4,5,126,726,826,13,68,0,0,36,3,8,0,0,0,0,0,0,0,0,,,,7,25,9999,2,248,0,0,0,5,7,1,100,220,150,28,118,Bwahaha! Found you!,0,0
134,Treasure Sack,22,136,0,2,300,7,4,99,518,9518,12849,4,8,89,989,1139,4,12,301,1801,3601,4,9,227,1227,2269,4,18,111,611,1222,4,12,164,864,964,4,6,127,727,827,13,11,0,14,0,4,1,14,0,0,0,0,0,0,0,,,,4,40,9999,2,253,0,0,0,100,7,2,450,895,150,21,98,Will you find the treasure of your dreams? Or will it be a nightmare?,0,0
135,Kairobot Knight,22,137,0,2,999,7,4,255,706,9706,13103,4,18,101,1001,1151,4,23,321,3431,5231,4,20,249,1249,2310,4,39,136,636,1272,4,22,176,876,976,4,8,129,729,829,13,18,0,15,0,6,3,15,0,0,0,0,0,0,0,,,,5,150,9999,2,254,0,0,0,100,7,0,1860,3290,250,24,171,"My blade is keen, unwavering, unstoppable! Have at thee!",0,0
136,Kairobot Mage,22,138,0,2,999,7,4,397,876,9876,13332,4,27,112,1012,1162,4,59,386,4214,6014,4,30,268,1268,2345,4,58,159,659,1318,4,32,188,888,988,4,7,128,728,828,13,23,0,0,19,7,5,0,0,0,0,0,0,0,0,,,,5,250,9999,2,255,0,0,0,100,7,2,2190,3850,250,17,149,The time has come to use the technique passed down by my ancestors!,0,0
137,Aloha Kairobot,22,139,0,2,999,7,4,673,1207,10207,13779,4,44,132,1032,1182,4,78,420,4676,6476,4,50,307,1307,2417,4,95,204,704,1408,4,50,210,910,1010,4,8,129,729,829,13,36,0,0,17,9,9,0,0,0,0,0,0,0,0,,,,5,350,9999,2,256,0,0,0,100,7,3,2440,4275,250,9,147,"Aloha! Nice waves today, huh?",0,0
138,Kairo Kommander,22,140,0,2,999,7,4,1105,1726,10726,14480,4,71,165,1065,1215,4,105,469,5405,7205,4,119,442,1442,2667,4,153,273,773,1546,4,79,244,944,1044,4,9,130,730,830,13,52,0,0,16,19,15,0,0,0,0,0,0,0,0,,,,5,750,9999,2,257,0,0,0,100,7,1,2810,4905,250,35,148,"Let's make this quick, I just got to a great part in the game I was playing.",0,0
139,Wairobot Mage,22,141,0,2,999,7,4,184,620,9620,12987,4,14,96,996,1146,4,17,310,1810,3610,4,15,239,1239,2292,4,29,124,624,1248,4,17,170,870,970,4,8,129,729,829,13,15,0,15,0,5,2,15,0,0,0,0,0,0,0,,,,6,100,9999,2,254,0,0,0,100,7,1,1860,3290,250,11,172,Heh heh heh... Anyone who can't be bribed deserves to be punished!,0,0
140,Wairobot Warrior,22,142,0,2,999,7,4,468,961,9961,13447,4,31,117,1017,1167,4,68,402,1902,3702,4,35,278,1278,2364,4,68,171,671,1342,4,37,194,894,994,4,7,128,728,828,13,26,0,0,20,7,6,0,0,0,0,0,0,0,0,,,,6,300,9999,2,255,0,0,0,100,7,0,2190,3850,250,32,157,Heh heh heh... Anyone who can't be bribed deserves to be punished!,0,0
141,Demonic Wairobot,22,144,0,2,999,7,4,939,1526,10526,14210,4,61,153,1053,1203,4,107,472,1972,3772,4,69,344,1344,2486,4,130,246,746,1492,4,68,231,931,1031,4,9,130,730,830,13,47,0,0,20,10,13,0,0,0,0,0,0,0,0,,,,6,500,9999,2,256,0,0,0,100,7,2,2440,4275,250,34,172,Heh heh heh... Anyone who can't be bribed deserves to be punished!,0,0
142,Wairo Tank,22,143,0,2,999,7,4,1317,1980,10980,14823,4,84,180,1080,1230,4,124,503,2003,3803,4,143,488,1488,2752,4,181,307,807,1614,4,93,261,961,1061,4,11,133,733,833,13,60,0,0,18,22,18,0,0,0,0,0,0,0,0,,,,6,900,9999,2,257,0,0,0,100,7,3,2810,4905,250,35,148,Heh heh heh... Anyone who can't be bribed deserves to be punished!,0,0
143,Wairo Demon King,22,145,0,3,888,7,4,7964,9956,18956,25590,4,500,680,1580,1730,4,1091,2243,3743,5543,4,683,1541,2541,4700,4,1067,1370,1870,3740,4,669,952,1652,1752,4,38,165,765,865,13,0,0,0,61,37,53,0,0,0,0,0,0,0,0,,,,5,8000,9999,2,257,0,0,0,100,7,0,6620,11425,100,9,148,Bwahahaha! I've been waiting for this... I'll burn you to a crisp!,0,0
144,Lord of the Frier,22,146,0,3,107,7,4,118,541,9541,12880,4,9,90,990,1140,4,20,316,1816,3616,4,11,231,1231,2277,4,21,115,615,1230,4,15,168,868,968,4,5,126,726,826,13,0,0,0,8,3,1,0,0,0,0,0,0,0,0,,,,0,90,9999,2,241,0,0,0,5,1,0,4780,8295,100,21,89,I'll fry you up and serve you with some nice chicken skewers!,0,0
145,Gifty,22,147,0,0,107,7,4,77,492,9492,12814,4,7,88,988,1138,4,12,301,1801,3601,4,5,219,1219,2255,4,15,108,608,1216,4,13,165,865,965,4,5,126,726,826,13,32,0,0,18,1,3,0,0,0,0,0,0,0,0,,,,0,15,85,2,240,0,0,0,5,6,1,100,220,150,28,94,Merry Christmas!,0,0
146,Seal,22,148,1,0,10,7,4,257,708,9708,13105,4,38,125,1025,1175,4,23,321,1821,3621,4,16,241,1241,2295,4,69,172,672,1344,4,27,182,882,982,4,8,129,729,829,13,0,5,0,0,0,7,0,0,0,0,0,0,0,0,,,,6,270,9999,1,5,1,1,30,100,-1,0,720,1275,100,-1,-1,未使用,90,12
147,Raccoon,22,149,1,0,10,7,4,88,505,9505,12831,4,15,98,998,1148,4,11,299,1799,3599,4,6,221,1221,2258,4,27,122,622,1244,4,13,165,865,965,4,6,127,727,827,13,0,4,0,0,0,5,0,0,0,0,0,0,0,0,,,,2,70,9999,1,5,1,1,30,100,-1,0,200,390,100,-1,-1,未使用,40,12
148,Armadillo,22,150,1,0,10,7,4,28,433,9433,12734,4,6,87,987,1137,4,6,290,1790,3590,4,3,215,1215,2247,4,12,104,604,1208,4,8,159,859,959,4,5,126,726,826,13,0,4,0,0,0,4,0,0,0,0,0,0,0,0,,,,3,0,9999,1,5,1,1,30,100,-1,0,0,50,100,-1,-1,未使用,20,12
149,Weasel,22,151,1,0,10,7,4,45,454,9454,12762,4,8,89,989,1139,4,8,294,1794,3594,4,4,217,1217,2251,4,17,110,610,1220,4,9,160,860,960,4,5,126,726,826,13,0,4,0,0,0,4,0,0,0,0,0,0,0,0,,,,4,20,9999,1,5,1,1,30,100,-1,0,90,200,100,-1,-1,未使用,30,12
150,Boar,22,152,1,0,10,7,4,71,485,9485,12804,4,11,93,993,1143,4,9,296,1796,3596,4,5,219,1219,2255,4,23,117,617,1234,4,11,163,863,963,4,5,126,726,826,13,0,4,0,0,0,5,0,0,0,0,0,0,0,0,,,,4,50,9999,1,5,1,1,30,100,-1,0,240,455,100,-1,-1,未使用,50,12
151,Capybara,22,153,1,0,10,7,4,206,647,9647,13023,4,30,116,1016,1166,4,19,314,1814,3614,4,13,235,1235,2284,4,57,158,658,1316,4,23,177,877,977,4,7,128,728,828,13,0,5,0,0,0,6,0,0,0,0,0,0,0,0,,,,5,210,9999,1,5,1,1,30,100,-1,0,570,1020,100,-1,-1,未使用,80,12
152,Turtle,22,154,1,0,10,7,4,45,454,9454,12762,4,8,89,989,1139,4,8,294,1794,3594,4,4,217,1217,2251,4,17,110,610,1220,4,9,160,860,960,4,5,126,726,826,13,0,4,0,0,0,4,0,0,0,0,0,0,0,0,,,,7,20,9999,1,5,1,1,30,100,-1,0,70,170,100,-1,-1,未使用,30,12
153,Fox,22,155,1,0,10,7,4,79,494,9494,12816,4,13,95,995,1145,4,10,298,1798,3598,4,5,219,1219,2255,4,26,121,621,1242,4,12,164,864,964,4,6,127,727,827,13,0,4,0,0,0,5,0,0,0,0,0,0,0,0,,,,6,60,9999,1,5,1,1,30,100,-1,0,160,320,100,-1,-1,未使用,40,12
154,Bear,22,156,1,0,10,7,4,130,556,9556,12900,4,20,104,1004,1154,4,13,303,1803,3603,4,9,227,1227,2269,4,38,135,635,1270,4,16,169,869,969,4,6,127,727,827,13,0,5,0,0,0,5,0,0,0,0,0,0,0,0,,,,6,120,9999,1,5,1,1,30,100,-1,0,330,610,100,-1,-1,未使用,60,12
155,Rhino,22,157,1,0,10,7,4,164,596,9596,12954,4,25,110,1010,1160,4,16,308,1808,3608,4,10,229,1229,2273,4,47,146,646,1292,4,19,172,872,972,4,7,128,728,828,13,0,5,0,0,0,6,0,0,0,0,0,0,0,0,,,,3,160,9999,1,5,1,1,30,100,-1,0,450,815,100,-1,-1,未使用,70,12
156,Zebra,22,158,1,0,10,7,4,283,739,9739,13147,4,41,129,1029,1179,4,24,323,1823,3623,4,17,243,1243,2299,4,77,182,682,1364,4,29,184,884,984,4,8,129,729,829,13,0,6,0,0,0,7,0,0,0,0,0,0,0,0,,,,3,300,9999,1,5,1,1,30,100,-1,0,800,1410,100,-1,-1,未使用,100,12
157,Elephant,22,159,1,0,10,7,4,359,830,9830,13270,4,51,141,1041,1191,4,30,334,1834,3634,4,21,250,1250,2312,4,95,204,704,1408,4,35,192,892,992,4,9,130,730,830,13,0,6,0,0,1,8,0,0,0,0,0,0,0,0,,,,5,390,9999,1,5,1,1,30,100,-1,0,1050,1835,100,-1,-1,未使用,120,12
158,Tanuki,22,160,1,0,10,7,4,28,433,9433,12734,4,6,87,987,1137,4,6,290,1790,3590,4,3,215,1215,2247,4,12,104,604,1208,4,8,159,859,959,4,5,126,726,826,13,0,4,0,0,0,4,0,0,0,0,0,0,0,0,,,,1,0,9999,1,5,1,1,30,100,-1,0,10,65,100,-1,-1,未使用,20,12
159,Crane,22,161,1,0,10,7,4,232,678,9678,13065,4,35,122,1022,1172,4,21,317,1817,3617,4,14,237,1237,2288,4,63,165,665,1330,4,25,180,880,980,4,7,128,728,828,13,0,5,0,0,0,7,0,0,0,0,0,0,0,0,,,,6,240,9999,1,5,1,1,30,100,-1,0,640,1135,100,-1,-1,未使用,80,12
160,Tapir,22,162,1,0,10,7,4,29,434,9434,12735,4,6,87,987,1137,4,6,290,1790,3590,4,3,215,1215,2247,4,12,104,604,1208,4,8,159,859,959,4,5,126,726,826,13,0,4,0,0,0,4,0,0,0,0,0,0,0,0,,,,1,1,9999,1,5,1,1,30,100,-1,0,960,1680,100,-1,-1,未使用,110,12
161,Hamster,22,163,1,0,10,7,4,62,474,9474,12789,4,10,92,992,1142,4,8,294,1794,3594,4,5,219,1219,2255,4,21,115,615,1230,4,11,163,863,963,4,5,126,726,826,13,0,4,0,0,0,5,0,0,0,0,0,0,0,0,,,,2,40,9999,1,5,1,1,30,100,-1,0,120,255,100,-1,-1,未使用,30,12
162,Hedgehog,22,164,1,0,10,7,4,308,769,9769,13188,4,44,132,1032,1182,4,27,328,1828,3628,4,19,247,1247,2306,4,83,189,689,1378,4,31,187,887,987,4,8,129,729,829,13,0,6,0,0,0,8,0,0,0,0,0,0,0,0,,,,5,330,9999,1,5,1,1,30,100,-1,0,880,1545,100,-1,-1,未使用,110,12
163,Beaver,22,165,1,0,10,7,4,189,626,9626,12995,4,28,113,1013,1163,4,18,312,1812,3612,4,12,233,1233,2281,4,53,153,653,1306,4,21,175,875,975,4,7,128,728,828,13,0,5,0,0,0,6,0,0,0,0,0,0,0,0,,,,7,190,9999,1,5,1,1,30,100,-1,0,510,915,100,-1,-1,未使用,70,12
164,Owl,22,166,1,0,10,7,4,113,535,9535,12872,4,18,101,1001,1151,4,12,301,1801,3601,4,8,225,1225,2266,4,33,129,629,1258,4,15,168,868,968,4,6,127,727,827,13,0,4,0,0,0,5,0,0,0,0,0,0,0,0,,,,2,100,9999,1,5,1,1,30,100,-1,0,280,525,100,-1,-1,未使用,50,12
165,Flying Squirrel,22,167,1,0,10,7,4,37,444,9444,12749,4,7,88,988,1138,4,7,292,1792,3592,4,3,215,1215,2247,4,15,108,608,1216,4,9,160,860,960,4,5,126,726,826,13,0,4,0,0,0,4,0,0,0,0,0,0,0,0,,,,4,10,9999,1,5,1,1,30,100,-1,0,50,135,100,-1,-1,未使用,20,12
166,Guinea Pig,22,168,1,0,10,7,4,37,444,9444,12749,4,7,88,988,1138,4,7,292,1792,3592,4,3,215,1215,2247,4,15,108,608,1216,4,9,160,860,960,4,5,126,726,826,13,0,4,0,0,0,4,0,0,0,0,0,0,0,0,,,,7,10,9999,1,5,1,1,30,100,-1,0,30,100,100,-1,-1,未使用,20,12
167,Goat,22,169,1,0,10,7,4,28,433,9433,12734,4,6,87,987,1137,4,6,290,1790,3590,4,3,215,1215,2247,4,12,104,604,1208,4,8,159,859,959,4,5,126,726,826,13,0,4,0,0,0,4,0,0,0,0,0,0,0,0,,,,4,0,9999,1,5,1,1,30,100,-1,0,0,50,100,-1,-1,未使用,20,12
168,Crocodile,22,170,1,0,10,7,4,147,576,9576,12927,4,22,106,1006,1156,4,15,307,1807,3607,4,9,227,1227,2269,4,42,140,640,1280,4,18,171,871,971,4,6,127,727,827,13,0,5,0,0,0,6,0,0,0,0,0,0,0,0,,,,7,140,9999,1,5,1,1,30,100,-1,0,390,710,100,-1,-1,未使用,60,12